<?xml version="1.0" encoding="UTF-8" ?>
<ProductTable version="2.0" title="Product descriptions" type="S-57 ENC and AML">
  <product id="0 NOAA" version="Version 2020" key="GENERIC">
    <prsp value="31"/>
    <psdn value="Final Feature File Product Specification" />
    <prof base="1" revision="2"/>
    <sted value="3.1"/>
    <pred value="2.0"/>
    <lines_as_arcs value="F"/>
        <usages>
            <band value="1" intu="1" description="Overview" />
            <band value="2" intu="2" description="General" />
            <band value="3" intu="3" description="Coastal" />
            <band value="4" intu="4" description="Approach" />
            <band value="5" intu="5" description="Harbour" />
            <band value="6" intu="6" description="Berthing" />
        </usages>
        <catalogue value="NOAA Profile Version 2020" />
        <group_table value="%S57Config%/system/ENCGroupTable.xml" />
        <national_attributes>
            <acronym value="NINFOM" />
            <acronym value="NOBJNM" />
            <acronym value="NPLDST" />
            <acronym value="$NTXST" />
            <acronym value="NTXTDS" />
        </national_attributes>
        <units type="depth">
            <ApplySoundingRoundingToDepthAttributes/>
			<unit id="1" description="metres">
				<RoundingRules>
					<Rule>NOAA Metres</Rule>
				</RoundingRules>
			</unit>
        </units>
        <units type="height">
            <unit id="1" description="metres" />
        </units>
        <units type="positional accuracy">
            <unit id="1" description="metres" />
        </units>
        <datums type="horizontal">
            <dat id="2" description="WGS 84" />
        </datums>
        <datums type="vertical">
            <dat id="13" description="Low Water" />
            <dat id="16" description="Mean High Water" />
            <dat id="25" description="International Great Lakes Datum 1985" />
        </datums>
    <datums type="sounding">
      <dat id="12" description="Mean Lower Low Water"/>
      <dat id="13" description="Low Water"/>
      <dat id="25" description="International Great Lakes Datum 1985"/>
    </datums>
        <lexicalLevels type="ATTF">
            <level id="0" description="Lexical Level 0" />
            <level id="1" description="Lexical Level 1" />
        </lexicalLevels>
        <lexicalLevels type="NATF">
            <level id="0" description="Lexical Level 0" />
            <level id="1" description="Lexical Level 1" />
            <level id="2" description="Lexical Level 2" />
        </lexicalLevels>
	<dataSetName minIDCodeLen="1" maxIDCodeLen="21">
  		<prefixes>
     			<prefix value="H"/>
     			<prefix value="F"/>
     			<prefix value="D"/>
     			<prefix value="W"/>
  		</prefixes>
	</dataSetName>
      <ProductFileZResolution value="0.00001"/>
      </product>
</ProductTable>
