<?xml version="1.0" encoding="UTF-8"?>
<CarisEnvironment xmlns:xsi="http://www.w3.org/2001/XMLSchema-instance">
  <General>
    <General>
	  <ProducingAgency>US</ProducingAgency>
    </General>
  </General>
  <Edit>
    <General>
      <ProducingAgency>US</ProducingAgency>
    </General>
  </Edit>
  <FilesAndFolders>
	<Files>
	  <CatalogueControl>C:\Program Files\CARIS\BASE Editor\5.1\system\NOAA_cataloguecontrol.xml</CatalogueControl>
      <UniqueObjectId>C:\Program Files\CARIS\BASE Editor\5.1\system\uniqueid.txt</UniqueObjectId>
    </Files>
	<Folders>
	  <uslXProductsHome>C:\ProgramData\CARIS\BASE Editor\5.1\System</uslXProductsHome>
      <uslXProductDatasets>C:\ProgramData\CARIS\BASE Editor\5.1\System</uslXProductDatasets>
	  <ObjectCatalogue>NOAA Profile Version 2022</ObjectCatalogue>
	</Folders>
  </FilesAndFolders>
</CarisEnvironment>
