<?xml version="1.0" encoding="UTF-8"?>
<ObjectToObjectConversionTable Version="1.0" FromType="CATALOG" ToType="GO">
    <ConversionTableInfo Version="1.0" FromProduct="HIPS" ToProduct="NOAA H-Cell" Name="HIPS Contacts to NOAA S-57 File using $CSYMB" CreationDate="20150220" CreatedBy="CARIS"/>
    <GlobalAttributeMappings/>
    <AttributeMappings/>
    <!-- The second section holds the object to object mappings. -->
    <ObjectMappings>
		<!-- Map Critical Sounding to S-57 Sounding object -->
        <Object Acronym="Critical Sounding">
			<MapObject>
                <MapObjectAcronym Acronym="SOUNDG"/>
				<CopyAttributeValue ToAcronym="RECDAT" FromAcronym="creationDate" />
			</MapObject>
        </Object>
		<!-- Alternative mapping to a WRECKS object -->
		<!--
		<Object Acronym="Critical Sounding">
			<MapObject>
                <MapObjectAcronym Acronym="WRECKS"/>
				<AssignZValueToAttribute Acronym="VALSOU"/>
				<CopyAttributeValue ToAcronym="RECDAT" FromAcronym="creationDate" />
            </MapObject>
        </Object>
        -->
		<!-- Alternative mapping to a UWTROC object -->
		<!--
		<Object Acronym="Critical Sounding">
			<MapObject>
                <MapObjectAcronym Acronym="UWTROC"/>
				<AssignZValueToAttribute Acronym="VALSOU"/>
				<CopyAttributeValue ToAcronym="RECDAT" FromAcronym="creationDate" />
            </MapObject>
        </Object>
		-->
		<!-- Map Survey Track Line to Cartographic Line -->
		<Object Acronym="Line">
			<MapObject>
                <MapObjectAcronym Acronym="$LINES" />
                <SetAttributeValue Acronym="$SCODE" Value="rectrc11" />
				<CopyAttributeValue ToAcronym="SORDAT" FromAcronym="maxTime" />
				<CopyAttributeValue ToAcronym="SORIND" FromAcronym="linePath" />
            </MapObject>
        </Object>
		<!-- Map all Contact types directly to S-57 -->
		<Object Acronym="PILPNT">
            <MapObject>
                <MapObjectAcronym Acronym="$CSYMB"/>
                <SetAttributeValue Acronym="NINFOM" Value="PILPNT" />
                <CopyConvertibleAttributes/>
				<CopyAttributeValue ToAcronym="SORDAT" FromAcronym="creationDate" />
				<CopyAttributeValue ToAcronym="remrks" FromAcronym="remarks" />
				<CopyAttributeValue ToAcronym="INFORM" FromAcronym="createdBy" />
				<CopyAttributeValue ToAcronym="cnthgt" FromAcronym="targetHeight" />
            </MapObject>
        </Object>
		<Object Acronym="UWTROC">
			<MapObject>
                <MapObjectAcronym Acronym="$CSYMB"/>
                <SetAttributeValue Acronym="NINFOM" Value="UWTROC" />
				<CopyConvertibleAttributes/>
				<CopyAttributeValue ToAcronym="SORDAT" FromAcronym="creationDate" />
				<CopyAttributeValue ToAcronym="remrks" FromAcronym="remarks" />
				<CopyAttributeValue ToAcronym="INFORM" FromAcronym="createdBy" />
				<CopyAttributeValue ToAcronym="cnthgt" FromAcronym="targetHeight" />
            </MapObject>
        </Object>
		<Object Acronym="WRECKS">
            <MapObject>
                <MapObjectAcronym Acronym="$CSYMB"/>
                <SetAttributeValue Acronym="NINFOM" Value="WRECKS" />
                <CopyConvertibleAttributes/>
				<CopyAttributeValue ToAcronym="SORDAT" FromAcronym="creationDate" />
				<CopyAttributeValue ToAcronym="remrks" FromAcronym="remarks" />
				<CopyAttributeValue ToAcronym="INFORM" FromAcronym="createdBy" />
				<CopyAttributeValue ToAcronym="cnthgt" FromAcronym="targetHeight" />
            </MapObject>
        </Object>
		<Object Acronym="CBLSUB">
            <MapObject>
                <MapObjectAcronym Acronym="$CSYMB"/>
                <SetAttributeValue Acronym="NINFOM" Value="CBLSUB" />
                <CopyConvertibleAttributes/>
				<CopyAttributeValue ToAcronym="SORDAT" FromAcronym="creationDate" />
				<CopyAttributeValue ToAcronym="remrks" FromAcronym="remarks" />
				<CopyAttributeValue ToAcronym="INFORM" FromAcronym="createdBy" />
				<CopyAttributeValue ToAcronym="cnthgt" FromAcronym="targetHeight" />
            </MapObject>
        </Object>
		<Object Acronym="PIPSOL">
            <MapObject>
                <MapObjectAcronym Acronym="$CSYMB"/>
                <SetAttributeValue Acronym="NINFOM" Value="PIPSOL" />
                <CopyConvertibleAttributes/>
				<CopyAttributeValue ToAcronym="SORDAT" FromAcronym="creationDate" />
				<CopyAttributeValue ToAcronym="remrks" FromAcronym="remarks" />
				<CopyAttributeValue ToAcronym="INFORM" FromAcronym="createdBy" />
				<CopyAttributeValue ToAcronym="cnthgt" FromAcronym="targetHeight" />
            </MapObject>
        </Object>
    </ObjectMappings>
</ObjectToObjectConversionTable>
