<?xml version="1.0" encoding="UTF-8"?>
<CarisEnvironment>
    <Display>
        <General>
            <General>
                <SynchronizeViews>false</SynchronizeViews>
                <UseDynamicLayouts>false</UseDynamicLayouts>
                <DgnLayersByType>false</DgnLayersByType>
            </General>
            <Attributes>
                <AttributeName>Name</AttributeName>
                <ChoiceAttributes>Name</ChoiceAttributes>
            </Attributes>
            <CRS>
                <InitialDisplay>Use first opened dataset</InitialDisplay>
            </CRS>
            <Display>
                <BackgroundColour>
                    <Red>255</Red>
                    <Green>255</Green>
                    <Blue>255</Blue>
                </BackgroundColour>
                <SoundingSize>1.45</SoundingSize>
                <SymbolizeCarisMap>false</SymbolizeCarisMap>
                <SymbolizeEdges>true</SymbolizeEdges>
                <DrawMaskedFeatures>false</DrawMaskedFeatures>
                <DrawMaskedEdges>false</DrawMaskedEdges>
                <MaskedData>
                    <Red>255</Red>
                    <Green>128</Green>
                    <Blue>0</Blue>
                </MaskedData>
            </Display>
        </General>
        <ColourLegend>
            <Layout>
                <Length>10</Length>
                <Width>10</Width>
            </Layout>
            <Display>
                <LineColour>
                    <Red>0</Red>
                    <Green>0</Green>
                    <Blue>0</Blue>
                </LineColour>
                <LabelFont>
                    <Family>Courier New</Family>
                    <Bold>false</Bold>
                    <Italic>false</Italic>
                    <Size>10</Size>
                </LabelFont>
                <LabelColour>
                    <Red>0</Red>
                    <Green>0</Green>
                    <Blue>0</Blue>
                </LabelColour>
            </Display>
        </ColourLegend>
        <GeographicGrid>
            <General>
                <Visible>false</Visible>
            </General>
            <Labels>
                <Top>true</Top>
                <Left>true</Left>
                <Bottom>true</Bottom>
                <Right>true</Right>
                <Font>
                    <Family>Courier New</Family>
                    <Bold>false</Bold>
                    <Italic>false</Italic>
                    <Size>9</Size>
                </Font>
                <Colour>
                    <Red>0</Red>
                    <Green>0</Green>
                    <Blue>0</Blue>
                </Colour>
            </Labels>
            <Grid>
                <Type>Crosses</Type>
                <TicksAndCrossesLength>10</TicksAndCrossesLength>
                <Colour>
                    <Red>0</Red>
                    <Green>0</Green>
                    <Blue>0</Blue>
                </Colour>
                <Weight>0.01</Weight>
            </Grid>
            <CustomSpacing>
                <UseCustomSpacing>false</UseCustomSpacing>
                <Latitude>3000</Latitude>
                <Longitude>3000</Longitude>
            </CustomSpacing>
        </GeographicGrid>
        <ProjectedGrid>
            <General>
                <Visible>false</Visible>
            </General>
            <Labels>
                <Top>true</Top>
                <Left>true</Left>
                <Bottom>true</Bottom>
                <Right>true</Right>
                <Font>
                    <Family>Courier New</Family>
                    <Bold>false</Bold>
                    <Italic>false</Italic>
                    <Size>9</Size>
                </Font>
                <Colour>
                    <Red>0</Red>
                    <Green>0</Green>
                    <Blue>0</Blue>
                </Colour>
            </Labels>
            <Grid>
                <Type>Crosses</Type>
                <TicksAndCrossesLength>10</TicksAndCrossesLength>
                <Colour>
                    <Red>0</Red>
                    <Green>0</Green>
                    <Blue>0</Blue>
                </Colour>
                <Weight>0.01</Weight>
            </Grid>
            <CustomSpacing>
                <UseCustomSpacing>false</UseCustomSpacing>
                <Easting>3000</Easting>
                <Northing>3000</Northing>
            </CustomSpacing>
        </ProjectedGrid>
        <ScaleBar>
            <General>
                <Visible>false</Visible>
                <Location>Top Left</Location>
                <Colour>
                    <Red>0</Red>
                    <Green>0</Green>
                    <Blue>0</Blue>
                </Colour>
                <Font>
                    <Family>Courier New</Family>
                    <Bold>false</Bold>
                    <Italic>false</Italic>
                    <Size>9</Size>
                </Font>
                <UseBackgroundColour>false</UseBackgroundColour>
                <BackgroundColour>
                    <Red>0</Red>
                    <Green>0</Green>
                    <Blue>0</Blue>
                </BackgroundColour>
                <DrawBorder>false</DrawBorder>
            </General>
        </ScaleBar>
        <VPF>
            <General>
                <TextSize>10</TextSize>
            </General>
            <DisplayTileReferenceGrid>
                <DrawVpfRefGrid>false</DrawVpfRefGrid>
                <Colour>
                    <Red>255</Red>
                    <Green>0</Green>
                    <Blue>0</Blue>
                </Colour>
                <LineWeight>0.32</LineWeight>
            </DisplayTileReferenceGrid>
        </VPF>
        <ThreeD>
            <Display>
                <TerrainAxes>false</TerrainAxes>
                <ColourLegend>true</ColourLegend>
                <ControllerPanel>false</ControllerPanel>
                <Toolbar>true</Toolbar>
                <BackgroundColour>
                    <Red>0</Red>
                    <Green>0</Green>
                    <Blue>0</Blue>
                </BackgroundColour>
                <ViewStyle>0</ViewStyle>
                <TileCompression>false</TileCompression>
            </Display>
            <Controller>
                <ControllerType>Terrain Flyer</ControllerType>
                <FlightSpeed>5</FlightSpeed>
                <ZoomSpeed>5</ZoomSpeed>
                <SmoothFlyToSpeed>5</SmoothFlyToSpeed>
            </Controller>
        </ThreeD>
        <Units>
            <Coordinate>
                <CoordinateType>Geographic</CoordinateType>
                <GeographicFormat>Degrees [D]</GeographicFormat>
                <GeographicPrecision>6</GeographicPrecision>
                <GroundUnits>Metres</GroundUnits>
                <GroundPrecision>2</GroundPrecision>
            </Coordinate>
            <Distance>
                <GeographicFormat>Degrees Minutes [D-M]</GeographicFormat>
                <GeographicPrecision>6</GeographicPrecision>
                <GroundUnits>Metres</GroundUnits>
                <GroundPrecision>2</GroundPrecision>
                <MeasurementsReference>Geodetic</MeasurementsReference>
            </Distance>
            <Elevation>
                <DepthUnits>Metres</DepthUnits>
                <DepthPrecision>1</DepthPrecision>
                <HeightUnits>Metres</HeightUnits>
                <HeightPrecision>2</HeightPrecision>
                <SoundingRounding>Default Truncated</SoundingRounding>
            </Elevation>
            <Angle>
                <Reference>North Azimuth</Reference>
                <Format>0</Format>
                <Precision>2</Precision>
            </Angle>
            <Area>
                <Units>Square Metres</Units>
                <Precision>2</Precision>
            </Area>
            <Volume>
                <Units>Cubic Metres</Units>
                <Precision>2</Precision>
            </Volume>
            <Speed>
                <Units>Metres/Second</Units>
                <Precision>2</Precision>
            </Speed>
            <SoundSpeed>
                <Units>Metres/Second</Units>
                <Precision>2</Precision>
            </SoundSpeed>
        </Units>
        <Portrayal>
            <General>
                <Portrayal>S-52 Simplified</Portrayal>
                <Colours>1</Colours>
                <Transparency>0</Transparency>
                <Depths>4 Depth Shades</Depths>
                <TextFont>Times New Roman</TextFont>
                <SafetyContour>10</SafetyContour>
                <SafetySounding>10</SafetySounding>
                <ShallowWater>5</ShallowWater>
                <DeepWater>20</DeepWater>
            </General>
            <Filters>
                <Category>Standard + Other</Category>
                <Soundings>true</Soundings>
                <Text>false</Text>
                <MetaObjects>false</MetaObjects>
                <SafetyContour>false</SafetyContour>
                <OtherContourLabels>false</OtherContourLabels>
                <ErrorEllipses>false</ErrorEllipses>
                <SCAMIN>false</SCAMIN>
            </Filters>
        </Portrayal>
    </Display>
    <General>
        <General>
            <ZoomFactor>20</ZoomFactor>
            <PanFactor>20</PanFactor>
            <NumberOfRecentFilesShown>5</NumberOfRecentFilesShown>
            <ConstantZoom>true</ConstantZoom>
            <AutomaticRedraw>true</AutomaticRedraw>
            <UseCrossHairCursor>false</UseCrossHairCursor>
            <AutoZoomOnSelection>true</AutoZoomOnSelection>
            <AutomaticRefresh>false</AutomaticRefresh>
            <Connection>&lt;?xml version="1.0"?&gt;&lt;ProxySettings&gt;&lt;ProxyType&gt;1&lt;/ProxyType&gt;&lt;ProxyURL/&gt;&lt;BypassList/&gt;&lt;ConfigScript/&gt;&lt;/ProxySettings&gt;</Connection>
            <Console>false</Console>
        </General>
        <Selection>
            <PickAperture>5</PickAperture>
            <ShowDistanceLine>false</ShowDistanceLine>
            <ShowDistance>false</ShowDistance>
            <SelectionTransparency>50</SelectionTransparency>
            <SuperselectionTransparency>50</SuperselectionTransparency>
            <SelectionColour>
                <Red>255</Red>
                <Green>0</Green>
                <Blue>0</Blue>
            </SelectionColour>
            <SuperselectionColour>
                <Red>0</Red>
                <Green>255</Green>
                <Blue>255</Blue>
            </SuperselectionColour>
        </Selection>
    </General>
    <Edit>
        <Snapping>
            <SnapType>Anywhere</SnapType>
            <Automatic>false</Automatic>
            <Aperture>5</Aperture>
        </Snapping>
    </Edit>
    <FilesAndFolders>
        <Files>
            <BoundTransformations>installDir()\system\boundcrs.dat</BoundTransformations>
			<CatalogueControl>C:\Program Files\CARIS\BASE Editor\4.4\system\NOAA_cataloguecontrol.xml</CatalogueControl>
            <ColourMap>installDir()\system\carisconfig\ih_colour.cma</ColourMap>
            <ColourTable>installDir()\system\carisconfig\ih_colour.col</ColourTable>
            <DatumMapping>installDir()\system\datummapping.xml</DatumMapping>
            <Datums>installDir()\system\datum.dat</Datums>
            <EPSGDatabase>installDir()\system\epsg.db</EPSGDatabase>
            <ExportToCarisConversionTable>installDir()\system\CARISConfig\system\s57_default_o2f.dat</ExportToCarisConversionTable>
            <ExportToCarisS57Groups>installDir()\system\CARISConfig\system\group_table.dat</ExportToCarisS57Groups>
            <FillPatterns>installDir()\system\shapeconfig\fills.xml</FillPatterns>
            <FontMapTable>installDir()\system\carisconfig\Fontdef.fnt</FontMapTable>
            <GeographicBorderTemplates>installDir()\system\IH_BorderStyles.bsd</GeographicBorderTemplates>
            <GmlOutputTransform>installDir()\system\transforms\outputtransform.xml</GmlOutputTransform>
            <MapDefinitions>installDir()\system\mapdef.dat</MapDefinitions>
            <MasterFile>installDir()\system\carisconfig\ih_master.txt</MasterFile>
            <MessageLookup>installDir()\system\errors.txt</MessageLookup>
            <PluginConfiguration>installDir()\system\cacert.pem</PluginConfiguration>
            <ProjectedGridTemplates>installDir()\system\IH_Grid_Styles.grd</ProjectedGridTemplates>
            <ScaleBarTemplates>installDir()\system\\IH_ScalebarStyles.ssd</ScaleBarTemplates>
            <SoundingRounding>installDir()\system\SoundingRounding.xml</SoundingRounding>
            <SubsidiaryGraduationTemplates>installDir()\system\ih_SubGradStyles.sgd</SubsidiaryGraduationTemplates>
            <SymbolFile>installDir()\system\carisconfig\ih_symbol.bin</SymbolFile>
            <TextFormats>installDir()\system\CARISConfig\ih_textspec.txt</TextFormats>
            <UnitsTable>installDir()\system\unitstable.xml</UnitsTable>
            <ValidationErrors>installDir()\system\s58errors.xml</ValidationErrors>
            <VerticalReferenceSystem>programDataDir()\system\spatialref.db</VerticalReferenceSystem>
            <SourcePlugin>installDir()\system\SourcePlugins.xml</SourcePlugin>
            <SSLConfigFile>installDir()\system\openssl.cnf</SSLConfigFile>
        </Files>
        <Folders>
            <BagConfiguration>installDir()\system\BAG_Support</BagConfiguration>
            <ColourMaps>programDataDir()\colour</ColourMaps>
            <ColourTokens>installDir()\system\s57Config\symbolization\colcalib</ColourTokens>
            <GdalConfiguration>installDir()\system\gdalsupport</GdalConfiguration>
            <GeoTiffConfiguration>installDir()\system\gdalsupport</GeoTiffConfiguration>
            <GridShiftTransformations>installDir()\system\gridshifts</GridShiftTransformations>
            <IFFConfig>installDir()\system\IFFConfig\system</IFFConfig>
            <LawOfTheSeaConfiguration>installDir()\system\LOSConfig</LawOfTheSeaConfiguration>
			<ObjectCatalogue>NOAA Profile Version 2021</ObjectCatalogue>
            <OsgConfiguration>installDir()\bin</OsgConfiguration>
            <PaperConfiguration>installDir()\system\pceconfig</PaperConfiguration>
            <ProjConfiguration>installDir()\system\proj\nad</ProjConfiguration>
            <S100Config>installDir()\system\S100Config</S100Config>
            <S57CatalogueHTML>installDir()\system\s57cat\frames</S57CatalogueHTML>
            <S57Config>installDir()\system\S57Config</S57Config>
            <S57Parameters>installDir()\system\s57config\system</S57Parameters>
            <SSDMConfig>installDir()\system\SSDMConfig\system</SSDMConfig>
            <TemporaryFiles>envVar(TEMP)</TemporaryFiles>
            <ThreeDConfiguration>installDir()\system\3D</ThreeDConfiguration>
            <VectorProductConfiguration>installDir()\system\vpfconfig</VectorProductConfiguration>
            <XMLSchemas>installDir()\system\Schemas</XMLSchemas>
            <AttributeFilterRulesDir>programDataDir()/system/AttributeFilterRules</AttributeFilterRulesDir>
        </Folders>
    </FilesAndFolders>
    <Coverage>
        <General>
            <ShowVisibleSurfaceTips>true</ShowVisibleSurfaceTips>
            <ShowRejectedInPointClouds>false</ShowRejectedInPointClouds>
            <ZAxisConvention>Down is positive</ZAxisConvention>
            <SimplifyLandXML>false</SimplifyLandXML>
			<NodeSelectionLimit>200000</NodeSelectionLimit>
        </General>
    </Coverage>
</CarisEnvironment>
